#Project: Online Sales Database
#Objective:
#Create and manage a database for an online sales system. The database should include tables for 
#storing information about products, suppliers, customers, sales, and sales details.

SHOW DATABASES;
CREATE DATABASE Online_Sales;
USE Online_Sales;

CREATE TABLE Suppliers (
	SupplierID INT PRIMARY KEY, 
	SupplierName VARCHAR(225) NOT NULL,
	ContactName VARCHAR(225) NOT NULL,
	Address VARCHAR(225),
	City VARCHAR(125),
	PostalCode VARCHAR(50),
	Country VARCHAR(50),
    Phone VARCHAR(20)
);




CREATE TABLE Products (
    ProductID INT PRIMARY KEY,
    ProductName VARCHAR(255) NOT NULL,
    SupplierID INT,
    Category VARCHAR(255),
    UnitPrice DECIMAL(10, 2),
    UnitsInStock INT,
    FOREIGN KEY (SupplierID) REFERENCES Suppliers(SupplierID)
);

CREATE TABLE Customers (
	CustomerID INT PRIMARY KEY,
    CustomerName VARCHAR(225) NOT NULL,
    ContactName VARCHAR(225) NOT NULL,
    Address VARCHAR(225),
    City VARCHAR(225),
    PostalCode VARCHAR(10),
    Country VARCHAR(50),
    Phone VARCHAR(25)
    );
    

CREATE TABLE Sales(
    SaleID INT PRIMARY KEY,
    CustomerID INT,
    SaleDate DATE,
    FOREIGN KEY (CustomerID) REFERENCES Customers(CustomerID)
);


CREATE TABLE SalesDetails(
    SaleDetailID INT PRIMARY KEY,
    SaleID INT ,
    ProductID INT,
    Quantity INT,
    UnitPrice DECIMAL(10,2),
    FOREIGN KEY (SaleID) REFERENCES Sales(SaleID),
    FOREIGN KEY (ProductID) REFERENCES Products(ProductID)
);

SELECT *FROM Suppliers;

INSERT INTO Suppliers (SupplierID, SupplierName, ContactName, Address, City, PostalCode, Country, Phone)
VALUES(1, 'Bosch Inc', 'Robert Bosch', '123 Bosch St', 'Stuttgart', '70191', 'Germany', '+49 711 811-00'),
	(2, 'Continental AG', 'Elmar Degenhart', '234 Continental Strasse', 'Hanover', '30165', 'Germany', '+49 511 938-0'),
	(3, 'ZF Friedrichshafen AG', 'Wolf-Henning Scheider', '345 ZF Strasse', 'Friedrichshafen', '88046', 'Germany', '+49 7541 770'),
	(4, 'Denso Corporation', 'Koji Arima', '456 Denso Avenue', 'Kariya', '448-8661', 'Japan', '+81 566-25-5511'),
	(5, 'Magna International Inc.', 'Don Walker', '567 Magna Drive', 'Aurora', 'L4G 7K1', 'Canada', '+1 905-726-2462'),
	(6, 'Valeo SA', 'Jacques Aschenbroich', '678 Valeo Avenue', 'Paris', '75015', 'France', '+33 1 40 55 20 20'),
	(7, 'Bridgestone Corporation', 'Shuichi Ishibashi', '789 Bridgestone Road', 'Tokyo', '104-8340', 'Japan', '+81 3-6836-1111'),
	(8, 'Faurecia SA', 'Patrick Koller', '890 Faurecia Street', 'Nanterre', '92000', 'France', '+33 1 72 36 70 00'),
	(9, 'Mahle GmbH', 'Stefan Wolf', '901 Mahle Strasse', 'Stuttgart', '70469', 'Germany', '+49 711 501-0'),
	(10, 'Yazaki Corporation', 'Shinji Yazaki', '123 Yazaki Street', 'Tokyo', '104-8325', 'Japan', '+81 3-5203-1537'),
	(11, 'Aisin Seiki Co., Ltd.', 'Yasumori Ihara', '234 Aisin Avenue', 'Kariya', '448-8650', 'Japan', '+81 566-24-1111'),
	(12, 'Sumitomo Electric Industries, Ltd.', 'Osamu Inoue', '345 Sumitomo Strasse', 'Tokyo', '107-6292', 'Japan', '+81 3-3211-5311'),
	(13, 'Lear Corporation', 'Raymond E. Scott', '456 Lear Drive', 'Southfield', '48033', 'USA', '+1 248-447-1500'),
	(14, 'ZF TRW Automotive Holdings Corporation', 'John C. Plant', '567 TRW Strasse', 'Livonia', '48150', 'USA', '+1 734-855-2600'),
	(15, 'Gestamp Automocion SA', 'Francisco Riberas Mera', '678 Gestamp Street', 'Madrid', '28046', 'Spain', '+34 91 741 68 00'),
	(16, 'Continental Automotive GmbH', 'Helmut Matschi', '789 Continental Strasse', 'Regensburg', '93053', 'Germany', '+49 941 790-0'),
	(17, 'Schaeffler Technologies AG & Co. KG', 'Klaus Rosenfeld', '890 Schaeffler Avenue', 'Herzogenaurach', '91074', 'Germany', '+49 9132 82-0'),
	(18, 'Autoliv Inc.', 'Mikael Bratt', '901 Autoliv Drive', 'Stockholm', '103 33', 'Sweden', '+46 8 58 72 06 00'),
	(19, 'Robert Bosch GmbH', 'Volkmar Denner', '123 Bosch Strasse', 'Gerlingen-Schillerhoehe', '70839', 'Germany', '+49 711 811-0'),
	(20, 'Magna Steyr AG & Co. KG', 'Günther Apfalter', '234 Magna Strasse', 'Graz', '8020', 'Austria', '+43 316 404-0'),
	(21, 'Delphi Automotive PLC', 'Liam Butterworth', '345 Delphi Avenue', 'Gillingham', 'ME8 6HL', 'UK', '+44 1634 261261'),
	(22, 'BorgWarner Inc.', 'James Verrier', '456 BorgWarner Drive', 'Auburn Hills', '48326', 'USA', '+1 248-754-9200'),
	(23, 'Mitsubishi Electric Corporation', 'Masaki Sakuyama', '567 Mitsubishi Strasse', 'Tokyo', '105-8428', 'Japan', '+81 3-3218-2111'),
	(24, 'Mando Corporation', 'Chung Mong-Won', '678 Mando Street', 'Seoul', '06772', 'South Korea', '+82 2-3471-9000'),
	(25, 'Hitachi Automotive Systems, Ltd.', 'Hideaki Seki', '789 Hitachi Avenue', 'Tokyo', '100-8280', 'Japan', '+81 3-3258-1111'),
	(26, 'Visteon Corporation', 'Sachin Lawande', '890 Visteon Drive', 'Van Buren Township', '48111', 'USA', '+1 734-710-5782'),
	(27, 'Hyundai Mobis Co., Ltd.', 'Chung Mong-Koo', '901 Hyundai Strasse', 'Seoul', '04571', 'South Korea', '+82 2-2020-7000'),
	(28, 'Johnson Controls International plc', 'George Oliver', '123 Johnson Controls Drive', 'Cork', 'T12 XT5E', 'Ireland', '+353 21 423 5000'),
	(29, 'Michelin Group', 'Florent Menegaux', '234 Michelin Avenue', 'Clermont-Ferrand', '63000', 'France', '+33 4 73 32 20 00'),
	(30, 'Eaton Corporation', 'Craig Arnold', '345 Eaton Avenue', 'Dublin', '43017', 'USA', '+1 800 386-1911'),
	(31, 'Brose Fahrzeugteile GmbH & Co. KG', 'Michael Stoschek', '456 Brose Strasse', 'Coburg', '96450', 'Germany', '+49 9561 21-0'),
	(32, 'TomTom NV', 'Harold Goddijn', '567 TomTom Drive', 'Amsterdam', '1033 MJ', 'Netherlands', '+31 20 757 5000'),
	(33, 'Toyota Boshoku Corporation', 'Shuhei Toyoda', '678 Toyota Strasse', 'Kariya', '448-8651', 'Japan', '+81 566-21-0900'),
	(34, 'GKN plc', 'Kevin Cummings', '789 GKN Avenue', 'Redditch', 'B98 0TL', 'UK', '+44 1527 602000'),
	(35, 'Pirelli & C. SpA', 'Marco Tronchetti Provera', '890 Pirelli Strasse', 'Milan', '20124', 'Italy', '+39 02 6442 1'),
	(36, 'Mitsubishi Heavy Industries, Ltd.', 'Shunichi Miyanaga', '901 Mitsubishi Avenue', 'Tokyo', '100-0003', 'Japan', '+81 3-6716-3111'),
	(37, 'Continental Tire the Americas, LLC', 'Tony Talbert', '123 Continental Strasse', 'Fort Mill', '29715', 'USA', '+1 800-847-3349'),
	(38, 'Hella GmbH & Co. KGaA', 'Rolf Breidenbach', '234 Hella Strasse', 'Lippstadt', '59557', 'Germany', '+49 2941 38-0'),
	(39, 'Harman International Industries, Inc.', 'Michael Mauser', '345 Harman Drive', 'Stamford', '06901', 'USA', '+1 203-328-3500'),
	(40, 'TRW Automotive', 'John C. Plant', '456 TRW Strasse', 'Livonia', '48150', 'USA', '+1 734-855-2600'),
	(41, 'Akebono Brake Industry Co., Ltd.', 'Yoshimasa Ishii', '567 Akebono Avenue', 'Tokyo', '100-8280', 'Japan', '+81 3-3746-6000'),
	(42, 'Mando Corporation', 'Jung-Ho Kim', '678 Mando Street', 'Seoul', '06613', 'South Korea', '+82 2-3660-7114'),
	(43, 'Webasto SE', 'Andreas Bregulla', '789 Webasto Strasse', 'Stockdorf', '82131', 'Germany', '+49 89 8 57 94-0'),
	(44, 'Tenneco Inc.', 'Gregory L. Risch', '890 Tenneco Drive', 'Lake Forest', '60045', 'USA', '+1 847-482-5000'),
	(45, 'Hankook Tire Co., Ltd.', 'Seung Hwa Suh', '901 Hankook Avenue', 'Seoul', '03174', 'South Korea', '+82 2-2119-7000'),
	(46, 'Brembo S.p.A.', 'Alberto Bombassei', '123 Brembo Strasse', 'Curno', '24035', 'Italy', '+39 035 605111'),
	(47, 'BorgWarner Inc.', 'James Verrier', '234 BorgWarner Drive', 'Auburn Hills', '48326', 'USA', '+1 248-754-9200'),
	(48, 'Hutchinson SA', 'Laurent Burelle', '345 Hutchinson Avenue', 'Paris', '75016', 'France', '+33 1 58 04 22 00'),
	(49, 'Dana Incorporated', 'James Kamsickas', '456 Dana Drive', 'Maumee', '43537', 'USA', '+1 419-887-3000'),
	(50, 'Gentex Corporation', 'Steve Downing', '567 Gentex Avenue', 'Zeeland', '49464', 'USA', '+1 616-772-1800'),	
	(51, 'Hella GmbH & Co. KGaA', 'Rolf Breidenbach', '123 Hella Strasse', 'Lippstadt', '59552', 'Germany', '+49 2941 38-0'),
	(52, 'Brembo S.p.A.', 'Danilo Cattaneo', '234 Brembo Avenue', 'Bergamo', '24035', 'Italy', '+39 035 605 2111'),
	(53, 'GKN Automotive Limited', 'Liam Butterworth', '345 GKN Strasse', 'Redditch', 'B98 0TL', 'UK', '+44 1527 517721'),
	(54, 'Volkswagen Group', 'Herbert Diess', '456 Volkswagen Drive', 'Wolfsburg', '38436', 'Germany', '+49 5361 9-0'),
	(55, 'BASF SE', 'Martin Brudermüller', '567 BASF Strasse', 'Ludwigshafen', '67056', 'Germany', '+49 621 60-0'),
	(56, 'ZF Group', 'Wolf-Henning Scheider', '678 ZF Strasse', 'Friedrichshafen', '88046', 'Germany', '+49 7541 770'),
	(57, 'Michelin Group', 'Florent Menegaux', '789 Michelin Avenue', 'Clermont-Ferrand', '63000', 'France', '+33 4 73 32 20 00'),
	(58, 'Bridgestone Corporation', 'Shuichi Ishibashi', '890 Bridgestone Road', 'Tokyo', '104-8340', 'Japan', '+81 3-6836-1111'),
	(59, 'BorgWarner Inc.', 'James Verrier', '901 BorgWarner Drive', 'Auburn Hills', '48326', 'USA', '+1 248-754-9200'),
	(60, 'Continental AG', 'Elmar Degenhart', '123 Continental Strasse', 'Hanover', '30165', 'Germany', '+49 511 938-0'),
	(61, 'Denso Corporation', 'Koji Arima', '234 Denso Avenue', 'Kariya', '448-8661', 'Japan', '+81 566-25-5511'),
	(62, 'Magna International Inc.', 'Don Walker', '345 Magna Drive', 'Aurora', 'L4G 7K1', 'Canada', '+1 905-726-2462'),
	(63, 'Valeo SA', 'Jacques Aschenbroich', '456 Valeo Strasse', 'Paris', '75015', 'France', '+33 1 40 55 20 20'),
	(64, 'Faurecia SA', 'Patrick Koller', '567 Faurecia Avenue', 'Nanterre', '92000', 'France', '+33 1 72 36 70 00'),
	(65, 'Mahle GmbH', 'Stefan Wolf', '678 Mahle Strasse', 'Stuttgart', '70469', 'Germany', '+49 711 501-0'),
	(66, 'Yazaki Corporation', 'Shinji Yazaki', '789 Yazaki Road', 'Tokyo', '104-8325', 'Japan', '+81 3-5203-1537'),
	(67, 'Aisin Seiki Co., Ltd.', 'Yasumori Ihara', '890 Aisin Strasse', 'Kariya', '448-8650', 'Japan', '+81 566-24-1111'),
	(68, 'Sumitomo Electric Industries, Ltd.', 'Osamu Inoue', '901 Sumitomo Avenue', 'Tokyo', '107-6292', 'Japan', '+81 3-3211-5311'),
	(69, 'Lear Corporation', 'Raymond E. Scott', '123 Lear Strasse', 'Southfield', '48033', 'USA', '+1 248-447-1500'),
	(70, 'ZF TRW Automotive Holdings Corporation', 'John C. Plant', '234 TRW Drive', 'Livonia', '48150', 'USA', '+1 734-855-2600'),
	(71, 'Gestamp Automocion SA', 'Francisco Riberas Mera', '345 Gestamp Street', 'Madrid', '28046', 'Spain', '+34 91 741 68 00'),
	(72, 'Continental Automotive GmbH', 'Helmut Matschi', '456 Continental Strasse', 'Regensburg', '93053', 'Germany', '+49 941 790-0'),
	(73, 'Schaeffler Technologies AG & Co. KG', 'Klaus Rosenfeld', '567 Schaeffler Avenue', 'Herzogenaurach', '91074', 'Germany', '+49 9132-4358'),
	(74, 'Autoliv Inc.', 'Mikael Bratt', '678 Autoliv Drive', 'Stockholm', '103 33', 'Sweden', '+46 8 58 72 06 00'),
	(75, 'Robert Bosch GmbH', 'Volkmar Denner', '789 Bosch Strasse', 'Gerlingen-Schillerhoehe', '70839', 'Germany', '+49 711 811-0'),
	(76, 'Magna Steyr AG & Co. KG', 'Günther Apfalter', '890 Magna Strasse', 'Graz', '8020', 'Austria', '+43 316 404-0'),
	(77, 'Delphi Automotive PLC', 'Liam Butterworth', '901 Delphi Avenue', 'Gillingham', 'ME8 6HL', 'UK', '+44 1634 261261'),
	(78, 'BorgWarner Inc.', 'James Verrier', '123 BorgWarner Drive', 'Auburn Hills', '48326', 'USA', '+1 248-754-9200'),
	(79, 'Mitsubishi Electric Corporation', 'Masaki Sakuyama', '234 Mitsubishi Strasse', 'Tokyo', '105-8428', 'Japan', '+81 3-3218-2111'),
	(80, 'Mando Corporation', 'Chung Mong-Won', '345 Mando Street', 'Seoul', '06772', 'South Korea', '+82 2-3471-9000'),
	(81, 'Hitachi Automotive Systems, Ltd.', 'Hideaki Seki', '456 Hitachi Avenue', 'Tokyo', '100-8280', 'Japan', '+81 3-3258-1111'),
	(82, 'Visteon Corporation', 'Sachin Lawande', '567 Visteon Drive', 'Van Buren Township', '48111', 'USA', '+1 734-710-5782'),
	(83, 'Hyundai Mobis Co., Ltd.', 'Chung Mong-Koo', '678 Hyundai Strasse', 'Seoul', '04571', 'South Korea', '+82 2-2020-7000'),
	(84, 'Johnson Controls International plc', 'George Oliver', '789 Johnson Controls Drive', 'Cork', 'T12 XT5E', 'Ireland', '+353 21 423 5000'),
	(85, 'Michelin Group', 'Florent Menegaux', '890 Michelin Avenue', 'Clermont-Ferrand', '63000', 'France', '+33 4 73 32 20 00'),
	(86, 'Eaton Corporation', 'Craig Arnold', '901 Eaton Avenue', 'Dublin', '43017', 'USA', '+1 800 386-1911'),
	(87, 'Brose Fahrzeugteile GmbH & Co. KG', 'Michael Stoschek', '123 Brose Strasse', 'Coburg', '96450', 'Germany', '+49 9561 21-0'),
	(88, 'TomTom NV', 'Harold Goddijn', '234 TomTom Drive', 'Amsterdam', '1033 MJ', 'Netherlands', '+31 20 757 5000'),
	(89, 'Toyota Boshoku Corporation', 'Shuhei Toyoda', '345 Toyota Strasse', 'Kariya', '448-8651', 'Japan', '+81 566-21-1211'),
	(90, 'Aisin Seiki Co., Ltd.', 'Yasumori Ihara', '456 Aisin Strasse', 'Kariya', '448-8650', 'Japan', '+81 566-24-1111'),
	(91, 'Sumitomo Electric Industries, Ltd.', 'Osamu Inoue', '567 Sumitomo Avenue', 'Tokyo', '107-6292', 'Japan', '+81 3-3211-5311'),
	(92, 'Lear Corporation', 'Raymond E. Scott', '678 Lear Strasse', 'Southfield', '48033', 'USA', '+1 248-447-1500'),
	(93, 'ZF TRW Automotive Holdings Corporation', 'John C. Plant', '789 TRW Drive', 'Livonia', '48150', 'USA', '+1 734-855-2600'),
	(94, 'Gestamp Automocion SA', 'Francisco Riberas Mera', '890 Gestamp Street', 'Madrid', '28046', 'Spain', '+34 91 741 68 00'),
	(95, 'Continental Automotive GmbH', 'Helmut Matschi', '901 Continental Strasse', 'Regensburg', '93053', 'Germany', '+49 941 790-0'),
	(96, 'Schaeffler Technologies AG & Co. KG', 'Klaus Rosenfeld', '123 Schaeffler Avenue', 'Herzogenaurach', '91074', 'Germany', '+49 9132 82-0'),
	(97, 'Autoliv Inc.', 'Mikael Bratt', '234 Autoliv Drive', 'Stockholm', '103 33', 'Sweden', '+46 8 58 72 06 00'),
	(98, 'Robert Bosch GmbH', 'Volkmar Denner', '345 Bosch Strasse', 'Gerlingen-Schillerhoehe', '70839', 'Germany', '+49 711 811-0'),
	(99, 'Magna Steyr AG & Co. KG', 'Günther Apfalter', '456 Magna Strasse', 'Graz', '8020', 'Austria', '+43 316 404-0'),
	(100, 'Delphi Automotive PLC', 'Liam Butterworth', '567 Delphi Avenue', 'Gillingham', 'ME8 6HL', 'UK', '+44 1634 261261'),
	(101, 'BorgWarner Inc.', 'James Verrier', '678 BorgWarner Drive', 'Auburn Hills', '48326', 'USA', '+1 248-754-9200'),
	(102, 'Mitsubishi Electric Corporation', 'Masaki Sakuyama', '789 Mitsubishi Strasse', 'Tokyo', '105-8428', 'Japan', '+81 3-3218-2111'),
	(103, 'Mando Corporation', 'Chung Mong-Won', '890 Mando Street', 'Seoul', '06772', 'South Korea', '+82 2-3471-9000'),
	(104, 'Hitachi Automotive Systems, Ltd.', 'Hideaki Seki', '901 Hitachi Avenue', 'Tokyo', '100-8280', 'Japan', '+81 3-3258-1111'),
	(105, 'Visteon Corporation', 'Sachin Lawande', '123 Visteon Drive', 'Van Buren Township', '48111', 'USA', '+1 734-710-5782'),
	(106, 'Hyundai Mobis Co., Ltd.', 'Chung Mong-Koo', '567 Hyundai Strasse', 'Seoul', '04571', 'South Korea', '+82 2-2020-7000'),
	(107, 'Johnson Controls International plc', 'George Oliver', '234 Johnson Controls Drive', 'Cork', 'T12 XT5E', 'Ireland', '+353 21 423 5000'),
	(108, 'Michelin Group', 'Florent Menegaux', '345 Michelin Avenue', 'Clermont-Ferrand', '63000', 'France', '+33 4 73 32 20 00'),
	(109, 'Eaton Corporation', 'Craig Arnold', '456 Eaton Avenue', 'Dublin', '43017', 'USA', '+1 800 386-1911'),
	(110, 'Brose Fahrzeugteile GmbH & Co. KG', 'Michael Stoschek', '567 Brose Strasse', 'Coburg', '96450', 'Germany', '+49 9561 21-0'),
	(111, 'TomTom NV', 'Harold Goddijn', '678 TomTom Drive', 'Amsterdam', '1033 MJ', 'Netherlands', '+31 20 757 5000'),
	(112, 'Toyota Boshoku Corporation', 'Shuhei Toyoda', '789 Toyota Strasse', 'Kariya', '448-8651', 'Japan', '+81 566-21-1211'),
	(113, 'Aisin Seiki Co., Ltd.', 'Yasumori Ihara', '890 Aisin Strasse', 'Kariya', '448-8650', 'Japan', '+81 566-24-1111'),
	(114, 'Sumitomo Electric Industries, Ltd.', 'Osamu Inoue', '901 Sumitomo Avenue', 'Tokyo', '107-6292', 'Japan', '+81 3-3211-5311'),
	(115, 'Lear Corporation', 'Raymond E. Scott', '123 Lear Strasse', 'Southfield', '48033', 'USA', '+1 248-447-1500'),
	(116, 'ZF TRW Automotive Holdings Corporation', 'John C. Plant', '234 TRW Drive', 'Livonia', '48150', 'USA', '+1 734-855-2600'),
	(117, 'Gestamp Automocion SA', 'Francisco Riberas Mera', '345 Gestamp Street', 'Madrid', '28046', 'Spain', '+34 91 741 68 00'),
	(118, 'Continental Automotive GmbH', 'Helmut Matschi', '456 Continental Strasse', 'Regensburg', '93053', 'Germany', '+49 941 790-0'),
	(119, 'Schaeffler Technologies AG & Co. KG', 'Klaus Rosenfeld', '567 Schaeffler Avenue', 'Herzogenaurach', '91074', 'Germany', '+49 9132 82-0'),
	(120, 'Autoliv Inc.', 'Mikael Bratt', '678 Autoliv Drive', 'Stockholm', '103 33', 'Sweden', '+46 8 58 72 06 00'),
	(121, 'Robert Bosch GmbH', 'Volkmar Denner', '789 Bosch Strasse', 'Gerlingen-Schillerhoehe', '70839', 'Germany', '+49 711 811-0'),
	(122, 'Magna Steyr AG & Co. KG', 'Günther Apfalter', '890 Magna Strasse', 'Graz', '8020', 'Austria', '+43 316 404-0'),
	(123, 'Delphi Automotive PLC', 'Liam Butterworth', '901 Delphi Avenue', 'Gillingham', 'ME8 6HL', 'UK', '+44 1634 261261'),
	(124, 'BorgWarner Inc.', 'James Verrier', '123 BorgWarner Drive', 'Auburn Hills', '48326', 'USA', '+1 248-754-9200'),
	(125, 'Mitsubishi Electric Corporation', 'Masaki Sakuyama', '234 Mitsubishi Strasse', 'Tokyo', '105-8428', 'Japan', '+81 3-3218-2111'),
	(126, 'Mando Corporation', 'Chung Mong-Won', '345 Mando Street', 'Seoul', '06772', 'South Korea', '+82 2-3471-9000'),
	(127, 'Hitachi Automotive Systems, Ltd.', 'Hideaki Seki', '456 Hitachi Avenue', 'Tokyo', '100-8280', 'Japan', '+81 3-3258-1111'),
	(128, 'Visteon Corporation', 'Sachin Lawande', '567 Visteon Drive', 'Van Buren Township', '48111', 'USA', '+1 734-710-5782'),
	(129, 'Hyundai Mobis Co., Ltd.', 'Chung Mong-Koo', '678 Hyundai Strasse', 'Seoul', '04571', 'South Korea', '+82 2-2020 4356'),
	(130, 'Johnson Controls International plc', 'George Oliver', '789 Johnson Controls Drive', 'Cork', 'T12 XT5E', 'Ireland', '+353 21 423 5000'),
	(131, 'Michelin Group', 'Florent Menegaux', '890 Michelin Avenue', 'Clermont-Ferrand', '63000', 'France', '+33 4 73 32 20 00'),
	(132, 'Eaton Corporation', 'Craig Arnold', '901 Eaton Avenue', 'Dublin', '43017', 'USA', '+1 800 386-1911'),
	(133, 'Brose Fahrzeugteile GmbH & Co. KG', 'Michael Stoschek', '123 Brose Strasse', 'Coburg', '96450', 'Germany', '+49 9561 21-0'),
	(134, 'TomTom NV', 'Harold Goddijn', '234 TomTom Drive', 'Amsterdam', '1033 MJ', 'Netherlands', '+31 20 757 5000'),
	(135, 'Toyota Boshoku Corporation', 'Shuhei Toyoda', '345 Toyota Strasse', 'Kariya', '448-8651', 'Japan', '+81 566-21-1211'),
	(136, 'Aisin Seiki Co., Ltd.', 'Yasumori Ihara', '456 Aisin Strasse', 'Kariya', '448-8650', 'Japan', '+81 566-24-1111'),
	(137, 'Sumitomo Electric Industries, Ltd.', 'Osamu Inoue', '567 Sumitomo Avenue', 'Tokyo', '107-6292', 'Japan', '+81 3-3211-5311'),
	(138, 'Lear Corporation', 'Raymond E. Scott', '678 Lear Strasse', 'Southfield', '48033', 'USA', '+1 248-447-1500'),
	(139, 'ZF TRW Automotive Holdings Corporation', 'John C. Plant', '789 TRW Drive', 'Livonia', '48150', 'USA', '+1 734-855-2600'),
	(140, 'Gestamp Automocion SA', 'Francisco Riberas Mera', '890 Gestamp Street', 'Madrid', '28046', 'Spain', '+34 91 741 68 00'),
	(141, 'Continental Automotive GmbH', 'Helmut Matschi', '901 Continental Strasse', 'Regensburg', '93053', 'Germany', '+49 941 790-0'),
	(142, 'Schaeffler Technologies AG & Co. KG', 'Klaus Rosenfeld', '123 Schaeffler Avenue', 'Herzogenaurach', '91074', 'Germany', '+49 9132 82-0'),
	(143, 'Autoliv Inc.', 'Mikael Bratt', '234 Autoliv Drive', 'Stockholm', '103 33', 'Sweden', '+46 8 58 72 06 00'),
	(144, 'Robert Bosch GmbH', 'Volkmar Denner', '345 Bosch Strasse', 'Gerlingen-Schillerhoehe', '70839', 'Germany', '+49 711 811-0'),
	(145, 'Magna Steyr AG & Co. KG', 'Günther Apfalter', '456 Magna Strasse', 'Graz', '8020', 'Austria', '+43 316 404-0'),
	(146, 'Delphi Automotive PLC', 'Liam Butterworth', '567 Delphi Avenue', 'Gillingham', 'ME8 6HL', 'UK', '+44 1634 261261'),
	(147, 'BorgWarner Inc.', 'James Verrier', '678 BorgWarner Drive', 'Auburn Hills', '48326', 'USA', '+1 248-754-9200'),
	(148, 'Mitsubishi Electric Corporation', 'Masaki Sakuyama', '789 Mitsubishi Strasse', 'Tokyo', '105-8428', 'Japan', '+81 3-3218-2111'),
	(149, 'Mando Corporation', 'Chung Mong-Won', '890 Mando Street', 'Seoul', '06772', 'South Korea', '+82 2-3471-9000'),
	(150, 'Hitachi Automotive Systems, Ltd.', 'Hideaki Seki', '901 Hitachi Avenue', 'Tokyo', '100-8280', 'Japan', '+81 3-3258-1111');
    
SELECT *FROM Suppliers;

INSERT INTO Products (ProductID, ProductName, SupplierID, Category, UnitPrice, UnitsInStock) 
VALUES (1, 'Engine Oil', 3, 'Automotives', 19.99, 100),
	(2, 'Brake Pads', 1, 'Automotives', 29.99, 150),
	(3, 'Air Filter', 1, 'Automotives', 15.99, 200),
	(4, 'Car Battery', 2, 'Automotives', 79.99, 50),
	(5, 'Spark Plug', 2, 'Automotives', 5.99, 300),
	(6, 'Tire', 2, 'Automotives', 89.99, 75),
	(7, 'Wiper Blades', 1, 'Automotives', 14.99, 120),
	(8, 'Headlights', 1, 'Automotives', 49.99, 80),
	(9, 'Tail Lights', 2, 'Automotives', 39.99, 90),
	(10, 'Car Jack', 2, 'Automotives', 25.99, 100),
	(11, 'Car Cover', 1, 'Automotives', 59.99, 60),
	(12, 'Seat Cover', 1, 'Automotives', 39.99, 70),
	(13, 'Floor Mats', 2, 'Automotives', 29.99, 110),
	(14, 'Steering Wheel Cover', 2, 'Automotives', 19.99, 130),
	(15, 'GPS Navigation', 1, 'Automotives', 99.99, 40),
	(16, 'Car Stereo', 1, 'Automotives', 119.99, 30),
	(17, 'Amplifier', 2, 'Automotives', 199.99, 20),
	(18, 'Subwoofer', 2, 'Automotives', 149.99, 25),
	(19, 'Dash Cam', 1, 'Automotives', 79.99, 50),
	(20, 'Back-up Camera', 1, 'Automotives', 59.99, 40),
	(21, 'LED Light Bar', 2, 'Automotives', 89.99, 35),
	(22, 'Roof Rack', 2, 'Automotives', 99.99, 20),
	(23, 'Car Alarm', 1, 'Automotives', 79.99, 60),
	(24, 'Remote Starter', 1, 'Automotives', 129.99, 25),
	(25, 'Car Vacuum', 2, 'Automotives', 49.99, 80),
	(26, 'Windshield Washer Fluid', 2, 'Automotives', 3.99, 200),
	(27, 'Radiator Coolant', 1, 'Automotives', 14.99, 150),
	(28, 'Transmission Fluid', 1, 'Automotives', 12.99, 130),
	(29, 'Fuel Injector Cleaner', 2, 'Automotives', 9.99, 160),
	(30, 'Motor Oil', 2, 'Automotives', 24.99, 90),
	(31, 'Oil Filter', 1, 'Automotives', 7.99, 140),
	(32, 'Car Wax', 1, 'Automotives', 15.99, 120),
	(33, 'Polishing Cloths', 2, 'Automotives', 5.99, 180),
	(34, 'Detailing Kit', 2, 'Automotives', 29.99, 100),
	(35, 'Car Shampoo', 1, 'Automotives', 9.99, 110),
	(36, 'Foam Cannon', 1, 'Automotives', 39.99, 70),
	(37, 'Pressure Washer', 2, 'Automotives', 149.99, 30),
	(38, 'Snow Chains', 2, 'Automotives', 49.99, 60),
	(39, 'Tire Inflator', 1, 'Automotives', 29.99, 80),
	(40, 'Jump Starter', 1, 'Automotives', 59.99, 50),
	(41, 'Tow Strap', 2, 'Automotives', 19.99, 100),
	(42, 'First Aid Kit', 2, 'Automotives', 14.99, 140),
	(43, 'Fire Extinguisher', 1, 'Automotives', 24.99, 90),
	(44, 'Emergency Roadside Kit', 1, 'Automotives', 39.99, 70),
	(45, 'Car Charger', 2, 'Automotives', 12.99, 110),
	(46, 'USB Adapter', 2, 'Automotives', 9.99, 130),
	(47, 'Phone Mount', 1, 'Automotives', 14.99, 120),
	(48, 'Bluetooth Adapter', 1, 'Automotives', 29.99, 80),
	(49, 'Air Freshener', 2, 'Automotives', 4.99, 200),
	(50, 'Sun Shade', 2, 'Automotives', 19.99, 90),
	(51, 'Car Engine', 1, 'Automotives', 2499.99, 10),
	(52, 'Turbocharger', 2, 'Automotives', 1499.99, 15),
	(53, 'Radiator', 1, 'Automotives', 299.99, 20),
	(54, 'Alternator', 2, 'Automotives', 199.99, 25),
	(55, 'Starter Motor', 1, 'Automotives', 179.99, 30),
	(56, 'Exhaust System', 2, 'Automotives', 499.99, 18),
	(57, 'Clutch Kit', 1, 'Automotives', 249.99, 22),
	(58, 'Carburetor', 2, 'Automotives', 189.99, 35),
	(59, 'Timing Belt', 1, 'Automotives', 79.99, 40),
	(60, 'Fuel Pump', 2, 'Automotives', 129.99, 28),
	(61, 'Oil Pump', 1, 'Automotives', 99.99, 33),
	(62, 'Water Pump', 2, 'Automotives', 89.99, 45),
	(63, 'Cylinder Head', 1, 'Automotives', 399.99, 12),
	(64, 'Piston', 2, 'Automotives', 59.99, 50),
	(65, 'Fuel Tank', 1, 'Automotives', 199.99, 20),
	(66, 'Shock Absorber', 2, 'Automotives', 79.99, 60),
	(67, 'Strut Assembly', 1, 'Automotives', 119.99, 25),
	(68, 'Control Arm', 2, 'Automotives', 89.99, 30),
	(69, 'Tie Rod End', 1, 'Automotives', 29.99, 45),
	(70, 'Wheel Hub', 2, 'Automotives', 69.99, 35),
	(71, 'Brake Rotor', 1, 'Automotives', 49.99, 55),
	(72, 'Brake Caliper', 2, 'Automotives', 89.99, 40),
	(73, 'Brake Disc', 1, 'Automotives', 29.99, 65),
	(74, 'Brake Drum', 2, 'Automotives', 39.99, 50),
	(75, 'Brake Booster', 1, 'Automotives', 59.99, 30),
	(76, 'Master Cylinder', 2, 'Automotives', 99.99, 20),
	(77, 'Brake Line', 1, 'Automotives', 19.99, 80),
	(78, 'Parking Brake', 2, 'Automotives', 29.99, 70),
	(79, 'Radiator Hose', 1, 'Automotives', 14.99, 120),
	(80, 'Heater Core', 2, 'Automotives', 49.99, 35),
	(81, 'Air Conditioning Compressor', 1, 'Automotives', 149.99, 25),
	(82, 'Blower Motor', 2, 'Automotives', 99.99, 30),
	(83, 'Condensers', 1, 'Automotives', 129.99, 18),
	(84, 'Evaporator Coil', 2, 'Automotives', 149.99, 22),
	(85, 'Receiver Drier', 1, 'Automotives', 39.99, 40),
	(86, 'Expansion Valve', 2, 'Automotives', 19.99, 60),
	(87, 'A/C Hose', 1, 'Automotives', 29.99, 70),
	(88, 'Refrigerant', 2, 'Automotives', 14.99, 150),
	(89, 'Oxygen Sensor', 1, 'Automotives', 79.99, 50),
	(90, 'MAP Sensor', 2, 'Automotives', 49.99, 40),
	(91, 'Throttle Position Sensor', 1, 'Automotives', 69.99, 30),
	(92, 'Crankshaft Position Sensor', 2, 'Automotives', 89.99, 35),
	(93, 'Camshaft Position Sensor', 1, 'Automotives', 59.99, 45),
	(94, 'ABS Sensor', 2, 'Automotives', 39.99, 50),
	(95, 'Mass Air Flow Sensor', 1, 'Automotives', 99.99, 25),
	(96, 'Knock Sensor', 2, 'Automotives', 29.99, 70),
	(97, 'Coolant Temperature Sensor', 1, 'Automotives', 19.99, 80),
	(98, 'Fuel Pressure Sensor', 2, 'Automotives', 49.99, 55),
	(99, 'Vacuum Hose', 1, 'Automotives', 9.99, 100),
	(100, 'Turbo Boost Gauge', 2, 'Automotives', 89.99, 20),
	(101, 'Fuel Gauge', 1, 'Automotives', 39.99, 45),
	(102, 'Oil Pressure Gauge', 2, 'Automotives', 29.99, 50),
	(103, 'Water Temperature Gauge', 1, 'Automotives', 19.99, 60),
	(104, 'Tachometer', 2, 'Automotives', 59.99, 35),
	(105, 'Speedometer', 1, 'Automotives', 79.99, 40),
	(106, 'Voltage Gauge', 2, 'Automotives', 14.99, 75),
	(107, 'Amp Meter', 1, 'Automotives', 24.99, 85),
	(108, 'Differential', 2, 'Automotives', 499.99, 10),
	(109, 'Drive Shaft', 1, 'Automotives', 399.99, 15),
	(110, 'Axle Shaft', 2, 'Automotives', 299.99, 20),
	(111, 'CV Joint', 1, 'Automotives', 199.99, 25),
	(112, 'Universal Joint', 2, 'Automotives', 29.99, 50),
	(113, 'Gearbox', 1, 'Automotives', 999.99, 5),
	(114, 'Transfer Case', 2, 'Automotives', 699.99, 8),
	(115, 'Clutch Master Cylinder', 1, 'Automotives', 79.99, 30),
	(116, 'Clutch Slave Cylinder', 2, 'Automotives', 59.99, 40),
	(117, 'Flywheel', 1, 'Automotives', 299.99, 12),
	(118, 'Throwout Bearing', 2, 'Automotives', 19.99, 55),
	(119, 'Pilot Bearing', 1, 'Automotives', 9.99, 60),
	(120, 'Clutch Disc', 2, 'Automotives', 49.99, 25),
	(121, 'Pressure Plate', 1, 'Automotives', 69.99, 20),
	(122, 'Shifter', 2, 'Automotives', 39.99, 45),
	(123, 'Shift Knob', 1, 'Automotives', 19.99, 50),
	(124, 'Shift Boot', 2, 'Automotives', 9.99, 70),
	(125, 'Throttle Body', 1, 'Automotives', 89.99, 35),
	(126, 'Fuel Rail', 2, 'Automotives', 49.99, 40),
	(127, 'Fuel Injector', 1, 'Automotives', 29.99, 100),
	(128, 'Intake Manifold', 2, 'Automotives', 199.99, 15),
	(129, 'Exhaust Manifold', 1, 'Automotives', 149.99, 20),
	(130, 'Intercooler', 2, 'Automotives', 299.99, 12),
	(131, 'Turbo Timer', 1, 'Automotives', 79.99, 30),
	(132, 'Boost Controller', 2, 'Automotives', 99.99, 25),
	(133, 'Blow Off Valve', 1, 'Automotives', 59.99, 40),
	(134, 'Wastegate', 2, 'Automotives', 89.99, 18),
	(135, 'Stainless Steel Exhaust', 1, 'Automotives', 499.99, 15),
	(136, 'High-Performance Camshaft', 2, 'Automotives', 199.99, 20),
	(137, 'Aluminum Radiator', 1, 'Automotives', 299.99, 25),
	(138, 'Carbon Fiber Hood', 2, 'Automotives', 599.99, 30),
	(139, 'Cold Air Intake', 1, 'Automotives', 149.99, 35),
	(140, 'Short Throw Shifter', 2, 'Automotives', 89.99, 40),
	(141, 'Sport Suspension Kit', 1, 'Automotives', 399.99, 12),
	(142, 'Performance Brake Kit', 2, 'Automotives', 499.99, 15),
	(143, 'High-Flow Catalytic Converter', 1, 'Automotives', 199.99, 20),
	(144, 'Lightweight Flywheel', 2, 'Automotives', 299.99, 25),
	(145, 'Performance Exhaust Header', 1, 'Automotives', 249.99, 30),
	(146, 'Coilover Suspension Kit', 2, 'Automotives', 699.99, 8),
	(147, 'Cold Air Intake System', 1, 'Automotives', 179.99, 35),
	(148, 'Turbocharger Kit', 2, 'Automotives', 1999.99, 10),
	(149, 'Intercooler Piping Kit', 1, 'Automotives', 99.99, 25),
	(150, 'Racing Seats', 2, 'Automotives', 399.99, 20);

SELECT *FROM Products;

INSERT INTO Customers (CustomerID, CustomerName, ContactName, Address, City, PostalCode, Country, Phone)
VALUES (1, 'Car Loverz Inc.', 'Michael Johnson', '123 Main St', 'Detroit', '48201', 'USA', '555-1234'),
	(2, 'Auto Experts Co.', 'Sarah Smith', '456 Elm St', 'Los Angeles', '90001', 'USA', '555-5678'),
	(3, 'Speedy Motors', 'John Williams', '789 Oak St', 'Chicago', '60601', 'USA', '555-9012'),
	(4, 'Custom Rides LLC', 'Emily Davis', '101 Pine St', 'Miami', '33101', 'USA', '555-3456'),
	(5, 'Driven Performance', 'Robert Brown', '202 Birch St', 'Houston', '77001', 'USA', '555-7890'),
	(6, 'Speed Demon Garage', 'Jessica Wilson', '303 Cedar St', 'Phoenix', '85001', 'USA', '555-2345'),
	(7, 'Gearheads Automotive', 'David Martinez', '404 Maple St', 'San Francisco', '94101', 'USA', '555-6789'),
	(8, 'Revved Up Autos', 'Ashley Taylor', '505 Walnut St', 'Philadelphia', '19101', 'USA', '555-0123'),
	(9, 'Turbo Tech Motors', 'William Anderson', '606 Pine St', 'Seattle', '98101', 'USA', '555-4567'),
	(10, 'Velocity Motors', 'Linda Garcia', '707 Oak St', 'Dallas', '75201', 'USA', '555-8901'),
	(11, 'Mach 5 Motors', 'Christopher Lee', '808 Elm St', 'Atlanta', '30301', 'USA', '555-2345'),
	(12, 'Gear Shift Garage', 'Amanda Hernandez', '909 Cedar St', 'Denver', '80201', 'USA', '555-6789'),
	(13, 'AutoZone Enterprises', 'Matthew Lopez', '1010 Maple St', 'Boston', '02101', 'USA', '555-1234'),
	(14, 'Street Rod Customs', 'Jennifer Clark', '1111 Walnut St', 'Orlando', '32801', 'USA', '555-5678'),
	(15, 'Turbocharged Autos', 'Daniel Hall', '1212 Birch St', 'Las Vegas', '89101', 'USA', '555-9012'),
	(16, 'High Octane Motors', 'Karen Young', '1313 Pine St', 'San Diego', '92101', 'USA', '555-3456'),
	(17, 'Revolutionary Autos', 'Mark Hernandez', '1414 Oak St', 'Charlotte', '28201', 'USA', '555-7890'),
	(18, 'Drive Time Motors', 'Barbara King', '1515 Cedar St', 'Portland', '97201', 'USA', '555-2345'),
	(19, 'Performance Plus', 'Gary Wright', '1616 Maple St', 'Detroit', '48201', 'USA', '555-6789'),
	(20, 'Custom Creations', 'Mary Moore', '1717 Walnut St', 'Los Angeles', '90001', 'USA', '555-0123'),
	(21, 'Street Machine Shop', 'Jason Perez', '1818 Elm St', 'Chicago', '60601', 'USA', '555-4567'),
	(22, 'Fast Lane Autos', 'Patricia Adams', '1919 Birch St', 'Miami', '33101', 'USA', '555-8901'),
	(23, 'Auto Innovations', 'Ronald Rivera', '2020 Pine St', 'Houston', '77001', 'USA', '555-2345'),
	(24, 'Rapid Motors', 'Deborah Cooper', '2121 Oak St', 'Phoenix', '85001', 'USA', '555-6789'),
	(25, 'Turbocharged Garage', 'Jose Mitchell', '2222 Cedar St', 'San Francisco', '94101', 'USA', '555-1234'),
	(26, 'Racing Dynamics', 'Kimberly Hill', '2323 Maple St', 'Philadelphia', '19101', 'USA', '555-5678'),
	(27, 'Speed Thrills Motors', 'Joshua Scott', '2424 Walnut St', 'Seattle', '98101', 'USA', '555-9012'),
	(28, 'Auto Emporium', 'Laura Gonzalez', '2525 Elm St', 'Dallas', '75201', 'USA', '555-3456'),
	(29, 'Motorhead Motors', 'Kevin Perez', '2626 Birch St', 'Atlanta', '30301', 'USA', '555-7890'),
	(30, 'Rev It Up Autos', 'Tammy Sanchez', '2727 Pine St', 'Denver', '80201', 'USA', '555-2345'),
	(31, 'High Performance Autos', 'Charles Lewis', '2828 Oak St', 'Boston', '02101', 'USA', '555-6789'),
	(32, 'Speedy Auto Parts', 'Angela Carter', '2929 Cedar St', 'Orlando', '32801', 'USA', '555-0123'),
	(33, 'Rapid Ride Motors', 'Megan Adams', '3030 Maple St', 'Las Vegas', '89101', 'USA', '555-4567'),
	(34, 'Turbo Zone Motors', 'Stephen Hernandez', '3131 Walnut St', 'San Diego', '92101', 'USA', '555-8901'),
	(35, 'Zoom Motors', 'Rebecca Turner', '3232 Elm St', 'Charlotte', '28201', 'USA', '555-2345'),
	(36, 'Driven Autos', 'Larry Baker', '3333 Birch St', 'Portland', '97201', 'USA', '555-6789'),
	(37, 'Revolution Motors', 'Michelle Garcia', '3434 Pine St', 'Detroit', '48201', 'USA', '555-1234'),
	(38, 'Auto Kings', 'Ryan Phillips', '3535 Oak St', 'Los Angeles', '90001', 'USA', '555-5678'),
	(39, 'Turbochargers Plus', 'Christine Morris', '3636 Cedar St', 'Chicago', '60601', 'USA', '555-9012'),
	(40, 'Auto Advantage', 'Brandon Cook', '3737 Maple St', 'Miami', '33101', 'USA', '555-3456'),
	(41, 'Fast Cars Inc.', 'Crystal Gonzalez', '3838 Walnut St', 'Houston', '77001', 'USA', '555-7890'),
	(42, 'Street Racerz', 'Gregory Bennett', '3939 Elm St', 'Phoenix', '85001', 'USA', '555-2345'),
	(43, 'Revolutionary Rides', 'Debra Long', '4040 Pine St', 'San Francisco', '94101', 'USA', '555-6789'),
    (44, 'Turbocharged Customs', 'Craig Torres', '4141 Oak St', 'Philadelphia', '19101', 'USA', '555-0123'),
	(45, 'Revved Up Rides', 'Kathleen Reed', '4242 Cedar St', 'Seattle', '98101', 'USA', '555-4567'),
	(46, 'Rapid Rides', 'Justin Ward', '4343 Maple St', 'Dallas', '75201', 'USA', '555-8901'),
	(47, 'Speedy Solutions', 'Janet Bell', '4444 Walnut St', 'Atlanta', '30301', 'USA', '555-2345'),
	(48, 'Custom Cruisers', 'Dennis Cox', '4545 Elm St', 'Denver', '80201', 'USA', '555-6789'),
	(49, 'Turbocharged Tuners', 'Rachel James', '4646 Pine St', 'Boston', '02101', 'USA', '555-1234'),
	(50, 'High Velocity Motors', 'Paula Powell', '4747 Oak St', 'Orlando', '32801', 'USA', '555-5678'),
    (82, 'Revved Up Repairs', 'Philip Russell', '7979 Maple St', 'Charlotte', '28201', 'USA', '555-8901'),
	(83, 'Speedy Solutions', 'Deborah Powell', '8080 Walnut St', 'Portland', '97201', 'USA', '555-2345'),
	(84, 'Turbocharged Tech', 'James Hernandez', '8181 Elm St', 'Detroit', '48201', 'USA', '555-6789'),
	(85, 'High Velocity Motors', 'Karen Ramirez', '8282 Oak St', 'Los Angeles', '90001', 'USA', '555-0123'),
	(86, 'Revolutionary Rides', 'Brian Flores', '8383 Cedar St', 'Chicago', '60601', 'USA', '555-4567'),
	(87, 'Rapid Repairs', 'Angela Richardson', '8484 Maple St', 'Miami', '33101', 'USA', '555-7890'),
	(88, 'Speedy Cars', 'Gary Bell', '8585 Walnut St', 'Houston', '77001', 'USA', '555-1234'),
	(89, 'Turbocharged Tech', 'Dorothy Diaz', '8686 Elm St', 'Phoenix', '85001', 'USA', '555-5678'),
	(90, 'High Velocity Motors', 'Edward Torres', '8787 Oak St', 'San Francisco', '94101', 'USA', '555-9012'),
	(91, 'Revved Up Repairs', 'Rachel Gonzalez', '8888 Cedar St', 'Philadelphia', '19101', 'USA', '555-3456'),
	(92, 'Speedy Solutions', 'Donald Ward', '8989 Maple St', 'Seattle', '98101', 'USA', '555-7890'),
	(93, 'Turbocharged Tech', 'Julia Martinez', '9090 Walnut St', 'Dallas', '75201', 'USA', '555-2345'),
	(94, 'High Velocity Motors', 'Joseph Carter', '9191 Elm St', 'Atlanta', '30301', 'USA', '555-6789'),
	(95, 'Revolutionary Rides', 'Patricia Cox', '9292 Oak St', 'Denver', '80201', 'USA', '555-0123'),
	(96, 'Rapid Repairs', 'Daniel Perez', '9393 Cedar St', 'Boston', '02101', 'USA', '555-4567'),
	(97, 'Speedy Cars', 'Amy Reed', '9494 Maple St', 'Orlando', '32801', 'USA', '555-8901'),
	(98, 'Turbocharged Tech', 'Joshua Hill', '9595 Walnut St', 'Las Vegas', '89101', 'USA', '555-2345'),
	(99, 'High Velocity Motors', 'Margaret Mitchell', '9696 Elm St', 'San Diego', '92101', 'USA', '555-6789'),
	(100, 'Revved Up Repairs', 'Kenneth Bennett', '9797 Cedar St', 'Charlotte', '28201', 'USA', '555-1234'),
	(101, 'Speedy Solutions', 'Maria Richardson', '9898 Maple St', 'Portland', '97201', 'USA', '555-5678'),
	(102, 'Turbocharged Tech', 'Justin Cooper', '9999 Walnut St', 'Detroit', '48201', 'USA', '555-9012'),
	(103, 'High Velocity Motors', 'Susan Scott', '10000 Oak St', 'Los Angeles', '90001', 'USA', '555-3456'),
	(104, 'Revolutionary Rides', 'Keith Bell', '10101 Cedar St', 'Chicago', '60601', 'USA', '555-7890'),
	(105, 'Rapid Repairs', 'Janet Gonzales', '10202 Maple St', 'Miami', '33101', 'USA', '555-1234'),
	(106, 'Speedy Cars', 'Louis Flores', '10303 Walnut St', 'Houston', '77001', 'USA', '555-5678'),
	(107, 'Turbocharged Tech', 'Melissa Stewart', '10404 Elm St', 'Phoenix', '85001', 'USA', '555-9012'),
	(108, 'High Velocity Motors', 'Billy Wright', '10505 Oak St', 'San Francisco', '94101', 'USA', '555-3456'),
	(109, 'Revved Up Repairs', 'Stephanie Torres', '10606 Cedar St', 'Philadelphia', '19101', 'USA', '555-7890'),
	(110, 'Speedy Solutions', 'Harold Price', '10707 Maple St', 'Seattle', '98101', 'USA', '555-1234'),
	(111, 'Turbocharged Tech', 'Debra Cook', '10808 Walnut St', 'Dallas', '75201', 'USA', '555-5678'),
	(112, 'High Velocity Motors', 'Arthur Cox', '10909 Elm St', 'Atlanta', '30301', 'USA', '555-9012'),
	(113, 'Revolutionary Rides', 'Teresa Rivera', '11010 Oak St', 'Denver', '80201', 'USA', '555-3456'),
	(114, 'Rapid Repairs', 'Steve Perez', '11111 Cedar St', 'Boston', '02101', 'USA', '555-7890'),
	(115, 'Speedy Cars', 'Janice Diaz', '11212 Maple St', 'Orlando', '32801', 'USA', '555-1234'),
	(116, 'Turbocharged Tech', 'Scott Hill', '11313 Walnut St', 'Las Vegas', '89101', 'USA', '555-5678'),
	(117, 'High Velocity Motors', 'Diane Long', '11414 Elm St', 'San Diego', '92101', 'USA', '555-9012'),
	(118, 'Revved Up Repairs', 'Justin Bennett', '11515 Oak St', 'Charlotte', '28201', 'USA', '555-3456'),
	(119, 'Speedy Solutions', 'Christina Murphy', '11616 Cedar St', 'Portland', '97201', 'USA', '555-7890'),
	(120, 'Turbocharged Tech', 'Mark Ross', '11717 Maple St', 'Detroit', '48201', 'USA', '555-1234'),
	(121, 'High Velocity Motors', 'Laura Russell', '11818 Walnut St', 'Los Angeles', '90001', 'USA', '555-5678'),
	(122, 'Revolutionary Rides', 'Sean Cox', '11919 Elm St', 'Chicago', '60601', 'USA', '555-9012'),
	(123, 'Rapid Repairs', 'Pamela Richardson', '12020 Oak St', 'Miami', '33101', 'USA', '555-3456'),
	(124, 'Speedy Cars', 'Keith Ward', '12121 Cedar St', 'Houston', '77001', 'USA', '555-7890'),
	(125, 'Turbocharged Tech', 'Jacqueline Diaz', '12222 Maple St', 'Phoenix', '85001', 'USA', '555-1234'),
	(126, 'High Velocity Motors', 'Bruce Hill', '12323 Walnut St', 'San Francisco', '94101', 'USA', '555-5678'),
	(127, 'Revved Up Repairs', 'Nicole Cox', '12424 Elm St', 'Philadelphia', '19101', 'USA', '555-9012'),
	(128, 'Speedy Solutions', 'Brandon Powell', '12525 Oak St', 'Seattle', '98101', 'USA', '555-3456'),
	(129, 'Turbocharged Tech', 'Sharon Price', '12626 Cedar St', 'Dallas', '75201', 'USA', '555-7890'),
	(130, 'High Velocity Motors', 'Craig Ward', '12727 Maple St', 'Atlanta', '30301', 'USA', '555-1234'),
	(131, 'Revolutionary Rides', 'Gloria Diaz', '12828 Walnut St', 'Denver', '80201', 'USA', '555-5678'),
	(132, 'Rapid Repairs', 'Jerry Cox', '12929 Elm St', 'Boston', '02101', 'USA', '555-9012'),
	(133, 'Speedy Cars', 'Judith Cox', '13030 Oak St', 'Orlando', '32801', 'USA', '555-3456'),
	(134, 'Turbocharged Tech', 'Douglas Price', '13131 Cedar St', 'Las Vegas', '89101', 'USA', '555-7890'),
	(135, 'High Velocity Motors', 'Gloria Hall', '13232 Maple St', 'San Diego', '92101', 'USA', '555-1234'),
	(136, 'Revved Up Repairs', 'Theresa Mitchell', '13333 Walnut St', 'Charlotte', '28201', 'USA', '555-5678'),
	(137, 'Speedy Solutions', 'Fred Ward', '13434 Elm St', 'Portland', '97201', 'USA', '555-9012'),
	(138, 'Turbocharged Tech', 'Lori Hill', '13535 Oak St', 'Detroit', '48201', 'USA', '555-3456'),
	(139, 'High Velocity Motors', 'Alan Cox', '13636 Cedar St', 'Los Angeles', '90001', 'USA', '555-7890'),
	(140, 'Revolutionary Rides', 'Beverly Diaz', '13737 Maple St', 'Chicago', '60601', 'USA', '555-1234'),
	(141, 'Rapid Repairs', 'Bonnie Hill', '13838 Walnut St', 'Miami', '33101', 'USA', '555-5678'),
	(142, 'Speedy Cars', 'Albert Cox', '13939 Elm St', 'Houston', '77001', 'USA', '555-9012'),
	(143, 'Turbocharged Tech', 'Ann Hill', '14040 Oak St', 'Phoenix', '85001', 'USA', '555-3456'),
	(144, 'High Velocity Motors', 'Aaron Hill', '14141 Cedar St', 'San Francisco', '94101', 'USA', '555-7890'),
	(145, 'Revved Up Repairs', 'Julie Ward', '14242 Maple St', 'Philadelphia', '19101', 'USA', '555-1234'),
	(146, 'Speedy Solutions', 'Janice Hill', '14343 Walnut St', 'Seattle', '98101', 'USA', '555-5678'),
	(147, 'Turbocharged Tech', 'Adam Cox', '14444 Elm St', 'Dallas', '75201', 'USA', '555-9012'),
	(148, 'High Velocity Motors', 'Laura Diaz', '14545 Oak St', 'Atlanta', '30301', 'USA', '555-3456'),
	(149, 'Revolutionary Rides', 'Brandon Hill', '14646 Cedar St', 'Denver', '80201', 'USA', '555-7890'),
	(150, 'Rapid Repairs', 'Terry Cox', '14747 Maple St', 'Boston', '02101', 'USA', '555-1234');


SELECT *FROM Customers; 

INSERT INTO Sales (SaleID, CustomerID, SaleDate)
VALUES
(1, 1, '2024-01-01'),
(2, 2, '2024-01-02'),
(3, 3, '2024-01-03'),
(4, 4, '2024-01-04'),
(5, 5, '2024-01-05'),
(6, 6, '2024-01-06'),
(7, 7, '2024-01-07'),
(8, 8, '2024-01-08'),
(9, 9, '2024-01-09'),
(10, 10, '2024-01-10'),
(11, 11, '2024-01-11'),
(12, 12, '2024-01-12'),
(13, 13, '2024-01-13'),
(14, 14, '2024-01-14'),
(15, 15, '2024-01-15'),
(16, 16, '2024-01-16'),
(17, 17, '2024-01-17'),
(18, 18, '2024-01-18'),
(19, 19, '2024-01-19'),
(20, 20, '2024-01-20'),
(21, 21, '2024-01-21'),
(22, 22, '2024-01-22'),
(23, 23, '2024-01-23'),
(24, 24, '2024-01-24'),
(25, 25, '2024-01-25'),
(26, 26, '2024-01-26'),
(27, 27, '2024-01-27'),
(28, 28, '2024-01-28'),
(29, 29, '2024-01-29'),
(30, 30, '2024-01-30'),
(31, 31, '2024-01-31'),
(32, 32, '2024-02-01'),
(33, 33, '2024-02-02'),
(34, 34, '2024-02-03'),
(35, 35, '2024-02-04'),
(36, 36, '2024-02-05'),
(37, 37, '2024-02-06'),
(38, 38, '2024-02-07'),
(39, 39, '2024-02-08'),
(40, 40, '2024-02-09'),
(41, 41, '2024-02-10'),
(42, 42, '2024-02-11'),
(43, 43, '2024-02-12'),
(44, 44, '2024-02-13'),
(45, 45, '2024-02-14'),
(46, 46, '2024-02-15'),
(47, 47, '2024-02-16'),
(48, 48, '2024-02-17'),
(49, 49, '2024-02-18'),
(50, 50, '2024-02-19'),
(50, 50, '2024-03-01'),
(51, 51, '2024-03-02'),
(52, 52, '2024-03-03'),
(53, 53, '2024-03-04'),
(54, 54, '2024-03-05'),
(55, 55, '2024-03-06'),
(56, 56, '2024-03-07'),
(57, 57, '2024-03-08'),
(58, 58, '2024-03-09'),
(59, 59, '2024-03-10'),
(60, 60, '2024-03-11'),
(61, 61, '2024-03-12'),
(62, 62, '2024-03-13'),
(63, 63, '2024-03-14'),
(64, 64, '2024-03-15'),
(65, 65, '2024-03-16'),
(66, 66, '2024-03-17'),
(67, 67, '2024-03-18'),
(68, 68, '2024-03-19'),
(69, 69, '2024-03-20'),
(70, 70, '2024-03-21'),
(71, 71, '2024-03-22'),
(72, 72, '2024-03-23'),
(73, 73, '2024-03-24'),
(74, 74, '2024-03-25'),
(75, 75, '2024-03-26'),
(76, 76, '2024-03-27'),
(77, 77, '2024-03-28'),
(78, 78, '2024-03-29'),
(79, 79, '2024-03-30'),
(80, 80, '2024-03-31'),
(81, 81, '2024-04-01'),
(82, 82, '2024-04-02'),
(83, 83, '2024-04-03'),
(84, 84, '2024-04-04'),
(85, 85, '2024-04-05'),
(86, 86, '2024-04-06'),
(87, 87, '2024-04-07'),
(88, 88, '2024-04-08'),
(89, 89, '2024-04-09'),
(90, 90, '2024-04-10'),
(91, 91, '2024-04-11'),
(92, 92, '2024-04-12'),
(93, 93, '2024-04-13'),
(94, 94, '2024-04-14'),
(95, 95, '2024-04-15'),
(96, 96, '2024-04-16'),
(97, 97, '2024-04-17'),
(98, 98, '2024-04-18'),
(99, 99, '2024-04-19'),
(100, 100, '2024-04-20'),
(101, 101, '2024-04-21'),
(102, 102, '2024-04-22'),
(103, 103, '2024-04-23'),
(104, 104, '2024-04-24'),
(105, 105, '2024-04-25'),
(106, 106, '2024-04-26'),
(107, 107, '2024-04-27'),
(108, 108, '2024-04-28'),
(109, 109, '2024-04-29'),
(110, 110, '2024-04-30'),
(111, 111, '2024-05-01'),
(112, 112, '2024-05-02'),
(113, 113, '2024-05-03'),
(114, 114, '2024-05-04'),
(115, 115, '2024-05-05'),
(116, 116, '2024-05-06'),
(117, 117, '2024-05-07'),
(118, 118, '2024-05-08'),
(119, 119, '2024-05-09'),
(120, 120, '2024-05-10'),
(121, 121, '2024-05-11'),
(122, 122, '2024-05-12'),
(123, 123, '2024-05-13'),
(124, 124, '2024-05-14'),
(125, 125, '2024-05-15'),
(126, 126, '2024-05-16'),
(127, 127, '2024-05-17'),
(128, 128, '2024-05-18'),
(129, 129, '2024-05-19'),
(130, 130, '2024-05-20'),
(131, 131, '2024-05-21'),
(132, 132, '2024-05-22'),
(133, 133, '2024-05-23'),
(134, 134, '2024-05-24'),
(135, 135, '2024-05-25'),
(136, 136, '2024-05-26'),
(137, 137, '2024-05-27'),
(138, 138, '2024-05-28'),
(139, 139, '2024-05-29'),
(140, 140, '2024-05-30'),
(141, 141, '2024-05-31'),
(142, 142, '2024-06-01'),
(143, 143, '2024-06-02'),
(144, 144, '2024-06-03'),
(145, 145, '2024-06-04'),
(146, 146, '2024-06-05'),
(147, 147, '2024-06-06'),
(148, 148, '2024-06-07'),
(149, 149, '2024-06-08'),
(150, 150, '2024-06-09');

SELECT *FROM Sales;


INSERT INTO Sales (SaleID, CustomerID, SaleDate)
VALUES
	(1, 1, '2024-05-20'),
	(2, 2, '2024-05-21'),
	(3, 3, '2024-05-22'),
	(4, 4, '2024-05-23'),
	(5, 5, '2024-05-24'),
	(6, 6, '2024-05-25'),
	(7, 7, '2024-05-26'),
	(8, 8, '2024-05-27'),
	(9, 9, '2024-05-28'),
	(10, 10, '2024-05-29'),
	(21, 11, '2024-05-30'),
	(22, 12, '2024-05-31'),
	(23, 13, '2024-06-01'),
	(24, 14, '2024-06-02'),
	(25, 15, '2024-06-03'),
	(26, 16, '2024-06-04'),
	(27, 17, '2024-06-05'),
	(28, 18, '2024-06-06'),
	(29, 19, '2024-06-07'),
	(30, 20, '2024-06-08'),
	(31, 21, '2024-06-09'),
	(32, 22, '2024-06-10'),
	(33, 23, '2024-06-11'),
	(34, 24, '2024-06-12'),
	(35, 25, '2024-06-13'),
	(36, 26, '2024-06-14'),
	(37, 27, '2024-06-15'),
	(38, 28, '2024-06-16'),
	(39, 29, '2024-06-17'),
	(40, 30, '2024-06-18'),
	(41, 31, '2024-06-19'),
	(42, 32, '2024-06-20'),
	(43, 33, '2024-06-21'),
	(44, 34, '2024-06-22'),
	(45, 35, '2024-06-23'),
	(46, 36, '2024-06-24'),
	(47, 37, '2024-06-25'),
	(48, 38, '2024-06-26'),
	(49, 39, '2024-06-27'),
	(50, 40, '2024-06-28'),
	(51, 41, '2024-06-29'),
	(52, 42, '2024-06-30'),
	(53, 43, '2024-07-01'),
	(54, 44, '2024-07-02'),
	(55, 45, '2024-07-03'),
	(56, 46, '2024-07-04'),
	(57, 47, '2024-07-05'),
	(58, 48, '2024-07-06'),
	(59, 49, '2024-07-07'),
	(60, 50, '2024-07-08'),
	(61, 51, '2024-07-09'),
	(62, 52, '2024-07-10'),
	(63, 53, '2024-07-11'),
	(64, 54, '2024-07-12'),
	(65, 55, '2024-07-13'),
	(66, 56, '2024-07-14'),
	(67, 57, '2024-07-15'),
	(68, 58, '2024-07-16'),
	(69, 59, '2024-07-17'),
	(70, 60, '2024-07-18'),
	(71, 61, '2024-07-19'),
	(72, 62, '2024-07-20'),
	(73, 63, '2024-07-21'),
	(74, 64, '2024-07-22'),
	(75, 65, '2024-07-23'),
	(76, 66, '2024-07-24'),
	(77, 67, '2024-07-25'),
	(78, 68, '2024-07-26'),
	(79, 69, '2024-07-27'),
	(80, 70, '2024-07-28'),
	(81, 71, '2024-07-29'),
	(82, 72, '2024-07-30'),
	(83, 73, '2024-07-31'),
	(84, 74, '2024-08-01'),
	(85, 75, '2024-08-02'),
	(86, 76, '2024-08-03'),
	(87, 77, '2024-08-04'),
	(88, 78, '2024-08-05'),
	(89, 79, '2024-08-06'),
	(90, 80, '2024-08-07'),
	(91, 81, '2024-08-08'),
	(92, 82, '2024-08-09'),
	(93, 83, '2024-08-10'),
	(94, 84, '2024-08-11'),
	(95, 85, '2024-08-12'),
	(96, 86, '2024-08-13'),
	(97, 87, '2024-08-14'),
	(98, 88, '2024-08-15'),
	(99, 89, '2024-08-16'),
	(100, 90, '2024-08-17'),
	(101, 91, '2024-08-18'),
	(102, 92, '2024-08-19'),
	(103, 93, '2024-08-20'),
	(104, 94, '2024-08-21'),
	(105, 95, '2024-08-22'),
	(106, 96, '2024-08-23'),
	(107, 97, '2024-08-24'),
	(108, 98, '2024-08-25'),
	(109, 99, '2024-08-26'),
	(110, 100, '2024-08-27'),
	(111, 101, '2024-08-28'),
	(112, 102, '2024-08-29'),
	(113, 103, '2024-08-30'),
	(114, 104, '2024-08-31'),
	(115, 105, '2024-09-01'),
	(116, 106, '2024-09-02'),
	(117, 107, '2024-09-03'),
	(118, 108, '2024-09-04'),
	(119, 109, '2024-09-05'),
	(120, 110, '2024-09-06'),
	(121, 111, '2024-09-07'),
	(122, 112, '2024-09-08'),
	(123, 113, '2024-09-09'),
	(124, 114, '2024-09-10'),
	(125, 115, '2024-09-11'),
	(126, 116, '2024-09-12'),
	(127, 117, '2024-09-13'),
	(128, 118, '2024-09-14'),
	(129, 119, '2024-09-15'),
	(130, 120, '2024-09-16'),
	(131, 121, '2024-09-17'),
	(132, 122, '2024-09-18'),
	(133, 123, '2024-09-19'),
	(134, 124, '2024-09-20'),
	(135, 125, '2024-09-21'),
	(136, 126, '2024-09-22'),
	(137, 127, '2024-09-23'),
	(138, 128, '2024-09-24'),
	(139, 129, '2024-09-25'),
	(140, 130, '2024-09-26'),
	(141, 131, '2024-09-27'),
	(142, 132, '2024-09-28'),
	(143, 133, '2024-09-29'),
	(144, 134, '2024-09-30'),
	(145, 135, '2024-10-01'),
	(146, 136, '2024-10-02'),
	(147, 137, '2024-10-03'),
	(148, 138, '2024-10-04'),
	(149, 139, '2024-10-05'),
	(150, 140, '2024-10-06'),
	(141, 141, '2024-10-07'),
	(142, 142, '2024-10-08'),
	(143, 143, '2024-10-09'),
	(144, 144, '2024-10-10'),
	(145, 145, '2024-10-11'),
	(146, 146, '2024-10-12'),
	(147, 147, '2024-10-13'),
	(148, 148, '2024-10-14'),
	(149, 149, '2024-10-15'),
	(150, 150, '2024-10-16');
 
 SELECT * FROM Sales;
   

INSERT IGNORE INTO SalesDetails (SaleDetailID, SaleID, ProductID, Quantity, UnitPrice)
VALUES
	(1, 1, 1, 2, 19.99),
	(2, 2, 3, 1, 39.99),
	(3, 3, 2, 3, 29.99),
	(4, 4, 1, 1, 19.99),
	(5, 5, 3, 2, 39.99),
	(6, 6, 1, 4, 19.99),
	(7, 7, 2, 1, 29.99),
	(8, 8, 3, 2, 39.99),
	(9, 9, 1, 3, 19.99),
	(10, 10, 2, 2, 29.99),
	(11, 11, 3, 1, 39.99),
	(12, 12, 1, 1, 19.99),
	(13, 13, 2, 4, 29.99),
	(14, 14, 3, 3, 39.99),
	(15, 15, 1, 2, 19.99),
	(16, 16, 2, 1, 29.99),
	(17, 17, 3, 2, 39.99),
	(18, 18, 1, 3, 19.99),
	(19, 19, 2, 2, 29.99),
	(20, 20, 3, 1, 39.99),
	(21, 21, 1, 4, 19.99),
	(22, 22, 2, 3, 29.99),
	(23, 23, 3, 2, 39.99),
	(24, 24, 1, 1, 19.99),
	(25, 25, 2, 2, 29.99),
	(26, 26, 3, 3, 39.99),
	(27, 27, 1, 4, 19.99),
	(28, 28, 2, 1, 29.99),
	(29, 29, 3, 2, 39.99),
	(30, 30, 1, 3, 19.99),
	(31, 31, 2, 4, 29.99),
	(32, 32, 3, 1, 39.99),
	(33, 33, 1, 2, 19.99),
	(34, 34, 2, 3, 29.99),
	(35, 35, 3, 4, 39.99),
	(36, 36, 1, 1, 19.99),
	(37, 37, 2, 2, 29.99),
	(38, 38, 3, 3, 39.99),
	(39, 39, 1, 4, 19.99),
	(40, 40, 2, 1, 29.99),
	(41, 41, 3, 2, 39.99),
	(42, 42, 1, 3, 19.99),
	(43, 43, 2, 4, 29.99),
	(44, 44, 3, 1, 39.99),
	(45, 45, 1, 2, 19.99),
	(46, 46, 2, 1, 29.99),
	(47, 47, 3, 3, 39.99),
	(48, 48, 1, 1, 19.99),
	(49, 49, 2, 2, 29.99),
	(50, 50, 3, 2, 39.99),
	(51, 51, 1, 2, 19.99),
	(52, 52, 3, 1, 39.99),
	(53, 53, 2, 3, 29.99),
	(54, 54, 1, 1, 19.99),
	(55, 55, 3, 2, 39.99),
	(56, 56, 1, 4, 19.99),
	(57, 57, 2, 1, 29.99),
	(58, 58, 3, 2, 39.99),
	(59, 59, 1, 3, 19.99),
	(60, 60, 2, 2, 29.99),
	(61, 61, 3, 1, 39.99),
	(62, 62, 1, 1, 19.99),
	(63, 63, 2, 4, 29.99),
	(64, 64, 3, 3, 39.99),
	(65, 65, 1, 2, 19.99),
	(66, 66, 2, 1, 29.99),
	(67, 67, 3, 2, 39.99),
	(68, 68, 1, 3, 19.99),
	(69, 69, 2, 2, 29.99),
	(70, 70, 3, 1, 39.99),
	(71, 71, 1, 4, 19.99),
	(72, 72, 2, 3, 29.99),
	(73, 73, 3, 2, 39.99),
	(74, 74, 1, 1, 19.99),
	(75, 75, 2, 2, 29.99),
	(76, 76, 3, 3, 39.99),
	(77, 77, 1, 4, 19.99),
	(78, 78, 2, 1, 29.99),
	(79, 79, 3, 2, 39.99),
	(80, 80, 1, 3, 19.99),
	(81, 81, 2, 4, 29.99),
	(82, 82, 3, 1, 39.99),
	(83, 83, 1, 2, 19.99),
	(84, 84, 2, 3, 29.99),
	(85, 85, 3, 4, 39.99),
	(86, 86, 1, 1, 19.99),
	(87, 87, 2, 2, 29.99),
	(88, 88, 3, 3, 39.99),
	(89, 89, 1, 4, 19.99),
	(90, 90, 2, 1, 29.99),
	(91, 91, 3, 2, 39.99),
	(92, 92, 1, 3, 19.99),
	(93, 93, 2, 4, 29.99),
	(94, 94, 3, 1, 39.99),
	(95, 95, 1, 2, 19.99),
	(96, 96, 2, 1, 29.99),
	(97, 97, 3, 3, 39.99),
	(98, 98, 1, 1, 19.99),
	(99, 99, 2, 2, 29.99),
	(100, 100, 3, 2, 39.99),
	(101, 101, 1, 2, 19.99),
	(102, 102, 3, 1, 39.99),
	(103, 103, 2, 3, 29.99),
	(104, 104, 1, 1, 19.99),
	(105, 105, 3, 2, 39.99),
	(106, 106, 1, 4, 19.99),
	(107, 107, 2, 1, 29.99),
	(108, 108, 3, 2, 39.99),
	(109, 109, 1, 3, 19.99),
	(110, 110, 2, 2, 29.99),
	(111, 111, 3, 1, 39.99),
	(112, 112, 1, 1, 19.99),
	(113, 113, 2, 4, 29.99),
	(114, 114, 3, 3, 39.99),
	(115, 115, 1, 2, 19.99),
	(116, 116, 2, 1, 29.99),
	(117, 117, 3, 2, 39.99),
	(118, 118, 1, 3, 19.99),
	(119, 119, 2, 2, 29.99),
	(120, 120, 3, 1, 39.99),
	(121, 121, 1, 4, 19.99),
	(122, 122, 2, 3, 29.99),
	(123, 123, 3, 2, 39.99),
	(124, 124, 1, 1, 19.99),
	(125, 125, 2, 2, 29.99),
	(126, 126, 3, 3, 39.99),
	(127, 127, 1, 4, 19.99),
	(128, 128, 2, 1, 29.99),
	(129, 129, 3, 2, 39.99),
	(130, 130, 1, 3, 19.99),
	(131, 131, 2, 4, 29.99),
	(132, 132, 3, 1, 39.99),
	(133, 133, 1, 2, 19.99),
	(134, 134, 2, 3, 29.99),
	(135, 135, 3, 4, 39.99),
	(136, 136, 1, 1, 19.99),
	(137, 137, 2, 2, 29.99),
	(138, 138, 3, 3, 39.34),
	(139, 139, 1, 4, 19.99),
	(140, 140, 2, 1, 29.99),
	(141, 141, 3, 2, 39.99),
	(142, 142, 1, 3, 19.99),
	(143, 143, 2, 4, 29.99),
	(144, 144, 3, 1, 39.99),
	(145, 145, 1, 2, 19.99),
	(146, 146, 2, 1, 29.99),
	(147, 147, 3, 3, 39.99),
	(148, 148, 1, 1, 19.99),
	(149, 149, 2, 2, 29.99),
	(150, 150, 3, 2, 39.99);
    
    SELECT *FROM SalesDetails;
    
#1) Retrieve all products and their suppliers:
SELECT *FROM Products;
SELECT *FROM Customers CROSS JOIN Products;

#--OR



#2) Retrieve all sales and their customer details:
SELECT *FROM Sales, Customers;
#OR 
SELECT Sales.SaleID, Sales.SaleDate, CustomerS.CustomerName, Customers.CustomerID,Customers.ContactName, Customers.Address, Customers.City, 
Customers.PostalCode, Customers.Country, Customers.Phone
FROM Sales 
JOIN Customers 
WHERE Sales.CustomerID = Customers.CustomerID;

#3) Retrieve the details of a specific sale (including the products sold):

SELECT ProductID, SupplierID, UnitPrice, UnitsInStock 
FROM Products
WHERE UnitsInStock > 150;

#Or
  
SELECT Sales.SaleID, Sales.SaleDate, Customers.CustomerName, Products.ProductName, SalesDetails.Quantity, SalesDetails.UnitPrice
FROM Sales
JOIN Customers ON Sales.CustomerID = Customers.CustomerID
JOIN SalesDetails ON Sales.SaleID = SalesDetails.SaleID
JOIN Products ON SalesDetails.ProductID = Products.ProductID
WHERE Sales.SaleID IN (1,5,7,9);
  

#4) Find the total revenue generated:

SELECT SUM(Quantity*UnitPrice) 
AS TotalRevenue
FROM SalesDetails;


#5) Create a CTE to select all products from the Products table with a UnitPrice greater than 30  

SELECT *FROM online_sales.products; 

WITH BestSeller AS (
SELECT ProductName, UnitPrice, UnitsInStock
FROM Products
WHERE UnitPrice >= '29.99' AND UnitsInStock >= 100
)
SELECT *FROM BestSeller;


    
    
    
    
    
